{
    "prepare_queue": {
        "installed": [],
        "uninstalled": []
    },
    "config_munge": {
        "files": {
            "res/xml/config.xml": {
                "parents": {
                    "/*": [
                        {
                            "xml": "<feature name=\"Whitelist\"><param name=\"android-package\" value=\"org.apache.cordova.whitelist.WhitelistPlugin\" /><param name=\"onload\" value=\"true\" /></feature>",
                            "count": 1
                        },
                        {
                            "xml": "<feature name=\"Globalization\"><param name=\"android-package\" value=\"org.apache.cordova.globalization.Globalization\" /></feature>",
                            "count": 1
                        },
                        {
                            "xml": "<feature name=\"Keyboard\"><param name=\"android-package\" value=\"io.ionic.keyboard.IonicKeyboard\" /><param name=\"onload\" value=\"true\" /></feature>",
                            "count": 1
                        }
                    ]
                }
            }
        }
    },
    "installed_plugins": {
        "cordova-plugin-whitelist": {
            "PACKAGE_NAME": "com.packtpub.phonegaphotshot.ch03"
        },
        "cordova-plugin-globalization": {
            "PACKAGE_NAME": "com.packtpub.phonegaphotshot.ch03"
        },
        "ionic-plugin-keyboard": {
            "PACKAGE_NAME": "com.packtpub.phonegaphotshot.ch03"
        }
    },
    "dependent_plugins": {},
    "modules": [
        {
            "id": "cordova-plugin-globalization.GlobalizationError",
            "file": "plugins/cordova-plugin-globalization/www/GlobalizationError.js",
            "pluginId": "cordova-plugin-globalization",
            "clobbers": [
                "window.GlobalizationError"
            ]
        },
        {
            "id": "cordova-plugin-globalization.globalization",
            "file": "plugins/cordova-plugin-globalization/www/globalization.js",
            "pluginId": "cordova-plugin-globalization",
            "clobbers": [
                "navigator.globalization"
            ]
        },
        {
            "id": "ionic-plugin-keyboard.keyboard",
            "file": "plugins/ionic-plugin-keyboard/www/android/keyboard.js",
            "pluginId": "ionic-plugin-keyboard",
            "clobbers": [
                "cordova.plugins.Keyboard"
            ],
            "runs": true
        }
    ],
    "plugin_metadata": {
        "cordova-plugin-whitelist": "1.3.1",
        "cordova-plugin-globalization": "1.0.5",
        "ionic-plugin-keyboard": "2.2.1"
    }
}